{
  "_alpha": 0.9,
  "mnist_dual": {
    "upper": 0.9356,
    "lower": 0.5484
  },
  "mnist_10way": {
    "upper": 0.89044,
    "lower": 0.187827
  },
  "fashion_10way": {
    "upper": 0.817966,
    "lower": 0.179774
  },
  "spirals": {
    "upper": 0.822333,
    "lower": 0.387667
  },
  "parity": {
    "upper": 0.95,
    "lower": 0.55
  },
  "mnist_rnn": {
    "upper": 0.898,
    "lower": 0.188667
  },
  "cartpole": {
    "upper": 185.703,
    "lower": 20.633667
  },
  "fourrooms": {
    "upper": -0.263485,
    "lower": -0.918165
  },
  "adding": {
    "upper": -0.016731,
    "lower": -0.150037
  }
}